{
  "paths": {
    "sourcePath": "source/",
    "buildPath": "build/",
    "jsPath": "js/",
    "libPath": "lib/",
    "tsPath": "ts/",
    "assetsPath": "res/",
    "lessPath": "less/",
    "cssPath": "css/",
    "imagesPath": "images/",
    "temp": "./temp/"
  },
  "supportedResolutions": {
    "desktop": "desktop",
    "hd": "hd",
    "sd": "sd",
    "ld": "ld"
  },
  "libVersions": {
    "phaser": "2.6.2.3",
    "phaser-spine": "0.1.1",
    "base-core": "1.0.16",
    "Slot": "1.2.0",
    "platform-core": "1.0.0"
  },
  "libIncludes": [
    "phaser.js",
    "phaser-spine.js",
    "base-core.js",
    "platform-core.js",
    "slot-core.js"
  ],
  "clean": {
    "options": {
      "force": true
    }
  },
  "ts": {
    "options": {
      "fast": "never",
      "sourceMap": false,
      "inlineSourceMap": false,
      "noResolve": false,
      "pretty": true
    },
    "default": {
      "tsconfig": true
    }
  },
  "tslint": {
    "options": {
      "configuration": "tslint.json",
      "force": true,
      "typeCheck": true,
      "fix": true
    }
  },
  "fileindex": {
    "options": {
      "format": "json_flat",
      "pretty": true
    },
    "files": [
      {
        "dest": "<%= assetsDir %>manifest/list_base_<%= dtRes %>.json",
        "src": [
          "images/common/preload/**/*.json",
          "images/common/preload/**/*.png",
          "images/common/preload/**/*.jpg",
          "images/common/preload/**/*.atlas",
          "images/<%= dtRes %>/preload/**/*.json",
          "images/<%= dtRes %>/preload/**/*.png",
          "images/<%= dtRes %>/preload/**/*.jpg",
          "images/<%= dtRes %>/preload/**/*.atlas"
        ],
        "cwd": "<%= assetsDir %>"
      },
      {
        "dest": "<%= assetsDir %>manifest/list_base_postload_<%= dtRes %>.json",
        "src": [
          "images/<%= dtRes %>/postload/baseGame/**/*.atlas",
          "images/<%= dtRes %>/postload/baseGame/**/*.json",
          "images/<%= dtRes %>/postload/baseGame/**/*.png",
          "images/<%= dtRes %>/postload/baseGame/**/*.jpg"
        ],
        "cwd": "<%= assetsDir %>"
      },
      {
        "dest": "<%= assetsDir %>manifest/list_bonus_<%= dtRes %>.json",
        "src": [
          "images/<%= dtRes %>/postload/BonusGame/**/*.json",
          "images/<%= dtRes %>/postload/BonusGame/**/*.png",
          "images/<%= dtRes %>/postload/BonusGame/**/*.jpg"
        ],
        "cwd": "<%= assetsDir %>"
      },
      {
        "dest": "<%= assetsDir %>manifest/list_free_<%= dtRes %>.json",
        "src": [
          "images/<%= dtRes %>/postload/freegame/**/*.json",
          "images/<%= dtRes %>/postload/freegame/**/*.png",
          "images/<%= dtRes %>/postload/freegame/**/*.jpg"
        ],
        "cwd": "<%= assetsDir %>"
      },
      {
        "dest": "<%= assetsDir %>manifest/list_info_<%= dtRes %>.json",
        "src": [
          "images/<%= dtRes %>/postload/paytable/**/*.json",
          "images/<%= dtRes %>/postload/paytable/**/*.png",
          "images/<%= dtRes %>/postload/paytable/**/*.jpg"
        ],
        "cwd": "<%= assetsDir %>"
      },
      {
        "dest": "<%= assetsDir %>manifest/list_base_<%= hdRes %>.json",
        "src": [
          "images/<%= hdRes %>/preload/**/*.json",
          "images/<%= hdRes %>/preload/**/*.png",
          "images/<%= hdRes %>/preload/**/*.jpg"
        ],
        "cwd": "<%= assetsDir %>"
      },
      {
        "dest": "<%= assetsDir %>manifest/list_base_postload_<%= hdRes %>.json",
        "src": [
          "images/<%= hdRes %>/postload/baseGame/**/*.atlas",
          "images/<%= hdRes %>/postload/baseGame/**/*.json",
          "images/<%= hdRes %>/postload/baseGame/**/*.png",
          "images/<%= hdRes %>/postload/baseGame/**/*.jpg"
        ],
        "cwd": "<%= assetsDir %>"
      },
      {
        "dest": "<%= assetsDir %>manifest/list_bonus_<%= hdRes %>.json",
        "src": [
          "images/<%= hdRes %>/postload/BonusGame/**/*.json",
          "images/<%= hdRes %>/postload/BonusGame/**/*.png",
          "images/<%= hdRes %>/postload/BonusGame/**/*.jpg"
        ],
        "cwd": "<%= assetsDir %>"
      },
      {
        "dest": "<%= assetsDir %>manifest/list_free_<%= hdRes %>.json",
        "src": [
          "images/<%= hdRes %>/postload/freegame/**/*.json",
          "images/<%= hdRes %>/postload/freegame/**/*.png",
          "images/<%= hdRes %>/postload/freegame/**/*.jpg"
        ],
        "cwd": "<%= assetsDir %>"
      },
      {
        "dest": "<%= assetsDir %>manifest/list_info_<%= hdRes %>.json",
        "src": [
          "images/<%= hdRes %>/postload/paytable/**/*.json",
          "images/<%= hdRes %>/postload/paytable/**/*.png",
          "images/<%= hdRes %>/postload/paytable/**/*.jpg"
        ],
        "cwd": "<%= assetsDir %>"
      },
      {
        "dest": "<%= assetsDir %>manifest/list_base_<%= sdRes %>.json",
        "src": [
          "images/<%= sdRes %>/preload/**/*.json",
          "images/<%= sdRes %>/preload/**/*.png",
          "images/<%= sdRes %>/preload/**/*.jpg"
        ],
        "cwd": "<%= assetsDir %>"
      },
      {
        "dest": "<%= assetsDir %>manifest/list_base_postload_<%= sdRes %>.json",
        "src": [
          "images/<%= sdRes %>/postload/baseGame/**/*.atlas",
          "images/<%= sdRes %>/postload/baseGame/**/*.json",
          "images/<%= sdRes %>/postload/baseGame/**/*.png",
          "images/<%= sdRes %>/postload/baseGame/**/*.jpg"
        ],
        "cwd": "<%= assetsDir %>"
      },
      {
        "dest": "<%= assetsDir %>manifest/list_bonus_<%= sdRes %>.json",
        "src": [
          "images/<%= sdRes %>/postload/BonusGame/**/*.json",
          "images/<%= sdRes %>/postload/BonusGame/**/*.png",
          "images/<%= sdRes %>/postload/BonusGame/**/*.jpg"
        ],
        "cwd": "<%= assetsDir %>"
      },
      {
        "dest": "<%= assetsDir %>manifest/list_free_<%= sdRes %>.json",
        "src": [
          "images/<%= sdRes %>/postload/freegame/**/*.json",
          "images/<%= sdRes %>/postload/freegame/**/*.png",
          "images/<%= sdRes %>/postload/freegame/**/*.jpg"
        ],
        "cwd": "<%= assetsDir %>"
      },
      {
        "dest": "<%= assetsDir %>manifest/list_info_<%= sdRes %>.json",
        "src": [
          "images/<%= sdRes %>/postload/paytable/**/*.json",
          "images/<%= sdRes %>/postload/paytable/**/*.png",
          "images/<%= sdRes %>/postload/paytable/**/*.jpg"
        ],
        "cwd": "<%= assetsDir %>"
      },
      {
        "dest": "<%= assetsDir %>manifest/list_base_<%= ldRes %>.json",
        "src": [
          "images/<%= ldRes %>/preload/**/*.json",
          "images/<%= ldRes %>/preload/**/*.png",
          "images/<%= ldRes %>/preload/**/*.jpg"
        ],
        "cwd": "<%= assetsDir %>"
      },
      {
        "dest": "<%= assetsDir %>manifest/list_base_postload_<%= ldRes %>.json",
        "src": [
          "images/<%= ldRes %>/postload/baseGame/**/*.atlas",
          "images/<%= ldRes %>/postload/baseGame/**/*.json",
          "images/<%= ldRes %>/postload/baseGame/**/*.png",
          "images/<%= ldRes %>/postload/baseGame/**/*.jpg"
        ],
        "cwd": "<%= assetsDir %>"
      },
      {
        "dest": "<%= assetsDir %>manifest/list_bonus_<%= ldRes %>.json",
        "src": [
          "images/<%= ldRes %>/postload/BonusGame/**/*.json",
          "images/<%= ldRes %>/postload/BonusGame/**/*.png",
          "images/<%= ldRes %>/postload/BonusGame/**/*.jpg"
        ],
        "cwd": "<%= assetsDir %>"
      },
      {
        "dest": "<%= assetsDir %>manifest/list_free_<%= ldRes %>.json",
        "src": [
          "images/<%= ldRes %>/postload/freegame/**/*.json",
          "images/<%= ldRes %>/postload/freegame/**/*.png",
          "images/<%= ldRes %>/postload/freegame/**/*.jpg"
        ],
        "cwd": "<%= assetsDir %>"
      },
      {
        "dest": "<%= assetsDir %>manifest/list_info_<%= ldRes %>.json",
        "src": [
          "images/<%= ldRes %>/postload/paytable/**/*.json",
          "images/<%= ldRes %>/postload/paytable/**/*.png",
          "images/<%= ldRes %>/postload/paytable/**/*.jpg"
        ],
        "cwd": "<%= assetsDir %>"
      }
    ]
  },
  "concatManifest": {
    "options": {
      "pretty": false,
      "commonIncludes": {
        "main_data": [
          "configData.json",
          "background.json",
          "baseGame.json",
          "reelpanel.json",
          "paylines.json",
          "paytable.json",
          "introOutro.json",
          "freeGame.json"
        ]
      }
    },
    "files": [
      {
        "dest": "<%= assetDestDir %>manifest/<%= dtRes %>/main_data.json",
        "src": [
          "<%= dtRes %>/consolePanel.json"
        ],
        "cwd": "<%= assetsDir %>viewManifest/"
      },
      {
        "dest": "<%= assetDestDir %>manifest/<%= hdRes %>/main_data.json",
        "src": [
          "<%= hdRes %>/consolePanel.json"
        ],
        "cwd": "<%= assetsDir %>viewManifest/"
      },
      {
        "dest": "<%= assetDestDir %>manifest/<%= sdRes %>/main_data.json",
        "src": [
          "<%= hdRes %>/consolePanel.json"
        ],
        "cwd": "<%= assetsDir %>viewManifest/"
      },
      {
        "dest": "<%= assetDestDir %>manifest/<%= ldRes %>/main_data.json",
        "src": [
          "<%= hdRes %>/consolePanel.json"
        ],
        "cwd": "<%= assetsDir %>viewManifest/"
      }
    ]
  },
  "listManifest": {
    "options": {
      "pretty": false
    },
    "files": [
      {
        "dest": "<%= assetDestDir %>manifest/list_base_<%= dtRes %>.json",
        "src": "<%= assetsDir %>manifest/list_base_<%= dtRes %>.json"
      },
      {
        "dest": "<%= assetDestDir %>manifest/list_free_<%= dtRes %>.json",
        "src": "<%= assetsDir %>manifest/list_free_<%= dtRes %>.json"
      },
      {
        "dest": "<%= assetDestDir %>manifest/list_bonus_<%= dtRes %>.json",
        "src": "<%= assetsDir %>manifest/list_bonus_<%= dtRes %>.json"
      },
      {
        "dest": "<%= assetDestDir %>manifest/list_info_<%= dtRes %>.json",
        "src": "<%= assetsDir %>manifest/list_info_<%= dtRes %>.json"
      },
      {
        "dest": "<%= assetDestDir %>manifest/list_base_postload_<%= dtRes %>.json",
        "src": "<%= assetsDir %>manifest/list_base_postload_<%= dtRes %>.json"
      },
      {
        "dest": "<%= assetDestDir %>manifest/list_base_<%= hdRes %>.json",
        "src": "<%= assetsDir %>manifest/list_base_<%= hdRes %>.json"
      },
      {
        "dest": "<%= assetDestDir %>manifest/list_free_<%= hdRes %>.json",
        "src": "<%= assetsDir %>manifest/list_free_<%= hdRes %>.json"
      },
      {
        "dest": "<%= assetDestDir %>manifest/list_bonus_<%= hdRes %>.json",
        "src": "<%= assetsDir %>manifest/list_bonus_<%= hdRes %>.json"
      },
      {
        "dest": "<%= assetDestDir %>manifest/list_info_<%= hdRes %>.json",
        "src": "<%= assetsDir %>manifest/list_info_<%= hdRes %>.json"
      },
      {
        "dest": "<%= assetDestDir %>manifest/list_base_postload_<%= hdRes %>.json",
        "src": "<%= assetsDir %>manifest/list_base_postload_<%= hdRes %>.json"
      },
      {
        "dest": "<%= assetDestDir %>manifest/list_base_<%= sdRes %>.json",
        "src": "<%= assetsDir %>manifest/list_base_<%= sdRes %>.json"
      },
      {
        "dest": "<%= assetDestDir %>manifest/list_free_<%= sdRes %>.json",
        "src": "<%= assetsDir %>manifest/list_free_<%= sdRes %>.json"
      },
      {
        "dest": "<%= assetDestDir %>manifest/list_info_<%= sdRes %>.json",
        "src": "<%= assetsDir %>manifest/list_info_<%= sdRes %>.json"
      },
      {
        "dest": "<%= assetDestDir %>manifest/list_base_postload_<%= sdRes %>.json",
        "src": "<%= assetsDir %>manifest/list_base_postload_<%= sdRes %>.json"
      },
      {
        "dest": "<%= assetDestDir %>manifest/list_base_<%= ldRes %>.json",
        "src": "<%= assetsDir %>manifest/list_base_<%= ldRes %>.json"
      },
      {
        "dest": "<%= assetDestDir %>manifest/list_free_<%= ldRes %>.json",
        "src": "<%= assetsDir %>manifest/list_free_<%= ldRes %>.json"
      },
      {
        "dest": "<%= assetDestDir %>manifest/list_bonus_<%= ldRes %>.json",
        "src": "<%= assetsDir %>manifest/list_bonus_<%= ldRes %>.json"
      },
      {
        "dest": "<%= assetDestDir %>manifest/list_info_<%= ldRes %>.json",
        "src": "<%= assetsDir %>manifest/list_info_<%= ldRes %>.json"
      },
      {
        "dest": "<%= assetDestDir %>manifest/list_base_postload_<%= ldRes %>.json",
        "src": "<%= assetsDir %>manifest/list_base_postload_<%= ldRes %>.json"
      }
    ]
  },
  "concat": {
    "options": {
      "separator": "\n",
      "expand": true,
      "nonull": true,
      "stripBanners": true,
      "sourceMap": false,
      "banner": "\"use strict\";\n"
    }
  },
  "uglify": {
    "options": {
      "compress": {
        "drop_console": true,
        "dead_code": true
      },
      "preserveComments": false,
      "quoteStyle": 1,
      "screwIE8": true,
      "sourceMap": false,
      "mangle": {
        "reserved": [
          "Phaser",
          "ingenuity",
          "PIXI"
        ]
      },
      "mangleProperties": false,
      "unsafe": false,
      "conditionals": true,
      "comparisons": true,
      "evaluate": true,
      "booleans": true,
      "loops": true,
      "unused": true,
      "hoist_funs": true,
      "hoist_vars": false,
      "if_return": true,
      "join_vars": true,
      "cascade": true,
      "side_effects": true,
      "warnings": true,
      "reserveDOMCache": true
    }
  },
  "less": {
    "debug": {
      "options": {
        "strictUnits": true,
        "syncImport": true,
        "ieCompat": false,
        "relativeUrls": true
      },
      "files": [
        {
          "src": "<%= lessDir %>main.less",
          "dest": "<%= cssDir %>main.css"
        },
        {
          "src": "<%= lessDir %><%=ldRes %>/main.less",
          "dest": "<%= cssDir %><%=ldRes %>/main.css"
        }
      ]
    },
    "build": {
      "options": {
        "paths": [
          "css"
        ],
        "ieCompat": false,
        "compress": true,
        "cleancss": true,
        "optimization": 1,
        "strictUnits": true,
        "syncImport": true,
        "relativeUrls": false,
        "modifyvars": {
          "imgPath": ""
        }
      },
      "files": [
        {
          "src": "<%= lessDir %>main.less",
          "dest": "<%= cssDir %>main.css"
        }
      ]
    }
  },
  "copy": {
    "options": {
      "expand": true
    },
    "debug": {
      "files": [
        {
          "expand": true,
          "cwd": "<%= libDir %>",
          "src": [
            "*.js"
          ],
          "dest": "<%= jsDestDir %>"
        }
      ]
    },
    "images": {
      "files": [
        {
          "expand": true,
          "cwd": "<%= assetsDir %>images",
          "src": [
            "**"
          ],
          "dest": "<%= assetDestDir %>images"
        }
      ]
    },
    "main": {
      "files": [
        {
          "expand": true,
          "cwd": "<%= assetsDir %>lang/",
          "src": [
            "**"
          ],
          "dest": "<%= assetDestDir %>lang/"
        },
        {
          "expand": true,
          "cwd": "<%= assetsDir %>audio/",
          "src": [
            "**"
          ],
          "dest": "<%= assetDestDir %>audio/"
        },
        {
          "expand": true,
          "cwd": "<%= assetsDir %>font/",
          "src": [
            "**"
          ],
          "dest": "<%= assetDestDir %>font/"
        },
        {
          "expand": true,
          "cwd": "<%= assetsDir %>video/",
          "src": [
            "**"
          ],
          "dest": "<%= assetDestDir %>video/"
        },
        {
          "expand": true,
          "cwd": "<%= sourcePath %>",
          "src": [
            "*.html"
          ],
          "dest": "<%= buildPath %>"
        },
        {
          "expand": true,
          "cwd": "<%= assetsDir %>manifest/",
          "src": [
            "mainManifest.json",
            "mainManifestMobile.json",
            "mainManifestSlowMobile.json"
          ],
          "dest": "<%= assetDestDir %>manifest/"
        },
        {
          "expand": true,
          "cwd": "<%= assetsDir %>manifest/",
          "src": [
            "currencySymbols.json"
          ],
          "dest": "<%= assetDestDir %>manifest/"
        }
      ]
    }
  },
  "updateGameDebug": {
    "debug": {
      "options": {
        "debug": true
      },
      "files": [
        {
          "dest": "<%= buildPath %>index.html",
          "src": "<%= sourcePath %>index.html"
        }
      ]
    },
    "build": {
      "options": {
        "debug": false
      },
      "files": [
        {
          "dest": "<%= buildPath %>index.html",
          "src": "<%= sourcePath %>index.html"
        }
      ]
    }
  },
  "watch": {
    "options": {
      "atBegin": true,
      "livereload": true,
      "event": [
        "all"
      ]
    }
  },
  "browserSync": {
    "dev": {
      "bsFiles": {
        "src": "build/**/*"
      },
      "options": {
        "port": 8080,
        "watchTask": true,
        "server": "./build",
        "ui": {
          "port": 8082,
          "weinre": {
            "port": 9090
          }
        }
      }
    }
  }
}